seq1,seq2,title_title_jac_qgm_3_qgm_3
quartet cork bulletin board natural cork fiberboard 60 x 36 aluminum frame,quartet 2363 - enclosed bulletin board natural cork fiberboard 24 x 36 aluminum frame,0.6966292134831461
hp ce278a black laserjet print cartridge,hp laserjet ce505x black print cartridge,0.66
da-lite da-mat deluxe fast fold complete front projection screen - 68 x 68,da-lite 40433 da-mat fast fold complete front projection screen - 92 x 92,0.6627906976744186
da-lite da-mat deluxe fast fold complete front projection screen - 68 x 68,da-lite 40439 da-mat fast fold complete front projection screen - 104 x 104,0.6551724137931034
da-lite da-mat deluxe fast fold complete front projection screen - 68 x 68,da-lite 40424 da-mat fast fold complete front projection screen - 56 x 86,0.6551724137931034
quartet ultima presentation dry erase easel melamine 27 x 34 white black frame,quartet 351900 - futura dry erase presentation easel melamine 24 x 36 white black frame,0.6057692307692307
da-lite da-plex base rear projection screen - 57 3 4 x 77 video format,da-plex base rear projection screen - 43 1 4 x 57 3 4 video format,0.7468354430379747
da-lite da-plex base rear projection screen - 57 3 4 x 77 video format,da-lite da-view thru-the-wall rear projection screen - 57 3 4 x 77 video format,0.6593406593406593
da-lite da-plex base rear projection screen - 57 3 4 x 77 video format,da-lite 27658 da-glas deluxe rear projection screen - 57 3 4 x 77 video format,0.6666666666666666
da-lite da-plex base rear projection screen - 57 3 4 x 77 video format,da-glas base rear projection screen - 43 1 4 x 57 3 4 video format,0.6235294117647059
da-lite da-plex base rear projection screen - 57 3 4 x 77 video format,da-plex base rear projection screen - 40 1 4 x 53 3 4 video format,0.6829268292682927
canon imageformula dr-2010c compact color scanner,canon 2455b002 imageformula dr-2510c compact color scanner,0.7258064516129032
sennheiser sh 350 ip binaural headset with noise canceling microphone,sennheiser sh250 binaural headset with microphone,0.6133333333333333
sennheiser sh 350 ip binaural headset with noise canceling microphone,sennheiser sh 350 binaural headset with microphone,0.6944444444444444
epson t020201 color ink cartridge,epson t029201 tri-color ink cartridge,0.7142857142857143
epson t020201 color ink cartridge,epson s191089 color ink cartridge,0.6046511627906976
epson t020201 color ink cartridge,epson t037020 tricolor ink cartridge,0.6511627906976745
epson t020201 color ink cartridge,epson t008201 color inkjet cartridge,0.6744186046511628
hp ce250a black toner cartridge,hp ce250a black toner cartridge -remanufactured,0.6078431372549019
sharpie fine point permanent markers assorted 5ct,sharpie 30078 - permanent markers fine point assorted 8 set,0.6417910447761194
da-lite natural walnut veneer model b manual screen with matte white fabric - 64 x 84 diagonal video format,natural walnut veneer model b manual screen with matte white fabric - diagonal video format size 60 x 60 diagonal,0.7058823529411765
da-lite natural walnut veneer model b manual screen with matte white fabric - 64 x 84 diagonal video format,heritage walnut veneer model b manual screen with matte white fabric - diagonal video format size 60 x 60 diagonal,0.6190476190476191
hp ce505xd black laserjet print cartridges 2pk,hp laserjet ce505x black print cartridge,0.6481481481481481
case logic slr camera backpack,case logic tbc-307 slr camera backpack black,0.6666666666666666
xantech 100w decora-style impedance matching volume control,xantech xvcs100 slider style impedance matching volume control,0.6233766233766234
startech 1 hdmi to hdmi digital video cable,startech.com hdmimm15 15 feet hdmi to hdmi digital video cable,0.6166666666666667
startech 1 hdmi to hdmi digital video cable,startech.com hdmimm25 25 feet hdmi to hdmi digital video cable,0.6166666666666667
startech 1 hdmi to hdmi digital video cable,startech.com hdmimm30 30 feet hdmi to hdmi digital video cable,0.6166666666666667
startech 1 hdmi to hdmi digital video cable,startech.com hdmimm10 10 feet hdmi to hdmi digital video cable,0.6166666666666667
bushnell backtrack personal locator tech gray,bushnell backtrack point-3 personal gps locator gray,0.65
bushnell backtrack personal locator tech gray,bushnell gps backtrack personal locator,0.6226415094339622
bushnell backtrack personal locator tech gray,bushnell backtrack point-5 personal gps locator gray,0.65
pacon rainbow duo-finish colored kraft paper 35 lbs. 36  x 1000 ft,new-pacon 63260 - rainbow duo-finish colored kraft paper 35 lbs. 36 x 1000 ft pink - pac63260,0.6489361702127661
pacon rainbow duo-finish colored kraft paper 35 lbs. 36  x 1000 ft,new-pacon 63150 - rainbow duo-finish colored kraft paper 35 lbs. 36 x 1000 ft sky blue - pac63150,0.6161616161616161
pacon rainbow duo-finish colored kraft paper 35 lbs. 36  x 1000 ft,new-pacon 63060 - rainbow duo-finish colored kraft paper 35 lbs. 36 x 1000 ft flame - pac63060,0.6354166666666666
da-lite da-view thru-the-wall rear projection screen - 58 x 104 hdtv format,da-lite data pro thru-the-wall rear projection screen - 401 2 x 72 hdtv format,0.6559139784946236
da-lite da-view thru-the-wall rear projection screen - 58 x 104 hdtv format,da-lite da-glas thru-the-wall rear projection screen - 78 x 139 hdtv format,0.7078651685393258
da-lite da-view thru-the-wall rear projection screen - 58 x 104 hdtv format,da-lite data pro thru-the-wall rear projection screen - 52 x 92 hdtv format,0.6966292134831461
da-lite da-view thru-the-wall rear projection screen - 58 x 104 hdtv format,da-lite da-view thru-the-wall rear projection screen - 45 x 80 hdtv format,0.7976190476190477
da-lite da-view thru-the-wall rear projection screen - 58 x 104 hdtv format,da-lite da-view thru-the-wall rear projection screen - 57 3 4 x 77 video format,0.6774193548387096
da-lite da-view thru-the-wall rear projection screen - 58 x 104 hdtv format,da-lite da-plex thru-the-wall rear projection screen - 78 x 139 hdtv format,0.7078651685393258
da-lite da-view thru-the-wall rear projection screen - 58 x 104 hdtv format,da lite data pro thru-the-wall rear projection screen - 45 x 80 hdtv format,0.6236559139784946
da-lite da-view thru-the-wall rear projection screen - 58 x 104 hdtv format,da-lite da-view thru-the-wall rear projection screen - 50 1 2 x 67 1 4 video format,0.65625
iosafe rugged 750gb usb 3.0 portable external hard drive,iosafe rugged portable 1 tb usb 3.0 external hard drive pa51000u1yr,0.6075949367088608
iosafe rugged 750gb usb 3.0 portable external hard drive,iosafe rugged portable 250 gb usb 3.0 external hard drive pa50250u1yr,0.620253164556962
iosafe rugged 750gb usb 3.0 portable external hard drive,iosafe rugged portable 500 gb usb 3.0 external hard drive pa50500u1yr,0.620253164556962
jvc flats lightweight folding headphones silver,jvc has150sx light weight flat folding headphone silver,0.6129032258064516
d-link dkvm-8e 8- port kvm switch,d-link dkvm-4k 4-port kvm switch,0.6341463414634146
simplism silicone case set ipad brown,simplism silicone case set for ipad pink,0.62
simplism silicone case set ipad brown,simplism silicone case set for ipad blue,0.6530612244897959
seagate freeagent goflex 500gb usb 2.0 ultra-portable hard drive black,seagate freeagent goflex 500 gb usb 3.0 ultra-portable external hard drive staa500105 black,0.6530612244897959
seagate freeagent goflex 500gb usb 2.0 ultra-portable hard drive black,seagate freeagent goflex pro 750 gb usb 2.0 ultra-portable external hard drive stad750101 black,0.6274509803921569
seagate freeagent goflex 500gb usb 2.0 ultra-portable hard drive black,seagate freeagent goflex 750 gb usb 2.0 ultra-portable external hard drive staa750100 black,0.6530612244897959
seagate freeagent goflex 500gb usb 2.0 ultra-portable hard drive black,seagate freeagent goflex 1 tb usb 2.0 ultra-portable external hard drive staa1000100 black,0.6428571428571429
seagate freeagent goflex 500gb usb 2.0 ultra-portable hard drive black,seagate freeagent goflex 320 gb usb 2.0 ultra-portable external hard drive staa320100 black,0.6530612244897959
buffalo technology ministation metro 1 tb usb 2.0 portable external hard drive with integrated flex cable encryption and turbopc hd-pxt1tu2 b black,buffalo technology ministation metro 500 gb usb 2.0 portable hard drive with integrated flex cable encryption and turbopc - blue onyx hd-pxt500u2 b,0.6904761904761905
imation 32gb pocket flash drive,imation 4 gb usb 2.0 pocket flash drive,0.6086956521739131
griffin technology outfit gloss ipod touch 4g black,griffin technology outfit ice for ipod touch 4g black,0.7419354838709677
griffin technology outfit gloss ipod touch 4g black,griffin technology formfit for ipod touch 4g black black,0.640625
microsoft wireless mobile mouse 4000 sgkomen pink,microsoft wireless mobile mouse 4000 - berry pink,0.6949152542372882
microsoft wireless mobile mouse 4000 sgkomen pink,microsoft wireless mobile mouse 4000 - white,0.6101694915254238
microsoft wireless mobile mouse 4000 sgkomen pink,microsoft wireless mobile mouse 4000 - black,0.6379310344827587
cables unlimited 3 svga video cable hdb15 male to male with 3.5mm audio,cables unlimited pcm-2240-99 svga video cable hdb15 male to male with 3.5mm audio 100 feet,0.6741573033707865
avery worksaver big tab plastic dividers two slash pockets eight-tab assorted,avery 11906 - worksaver big tab plastic dividers two slash pockets 5-tab assorted,0.7674418604651163
case logic 48 capacity heavy duty cd wallet,case logic cde-72 72 capacity heavy duty cd wallet blue,0.6333333333333333
oki 52102001 ribbon black,oki 52106001 - 52106001 ribbon black,0.7272727272727273
iomega ego 500gb helium portable hard drive,iomega 320 gb usb 2.0 ego helium portable hard drive,0.6229508196721312
ampad evidence glue top narrow ruled pads ltr 50-sheet pads pack dozen,ampad 21218 - evidence glue top narrow ruled pads ltr canary 50-sheet pads pack dozen,0.7804878048780488
da-lite da-tex rear tensioned advantage electrol - hdtv format 184 diagonal,da-tex rear tensioned advantage electrol - wide format size wide 94 diagonal,0.6483516483516484
nextware jellybean case for ipad black,nextware jellybean case for ipad - clear,0.6734693877551021
netgear powerline av 500 adapter,netgear xav2501 powerline av 200 adapter,0.6521739130434783
netgear powerline av 500 adapter,netgear xavb5001 powerline av 500 adapter kit,0.6326530612244898
netgear powerline av 500 adapter,netgear xav2001 powerline av 200 adapter,0.6666666666666666
netgear powerline av 500 adapter,netgear powerline av 200 adapter kit,0.6744186046511628
vantec 2 1 sata 6g and pata pci-e combo host card w raid,vantec 4 1 sata ii 300 and pata pci-e combo host card with raid,0.6527777777777778
corsair xms2 2gb 2 x 1gb pc2-6400 800mhz 240-pin ddr2 cl5 dual channel desktop memory kit - twin2x4096-6400c5c,corsair xms2 1gb pc2-6400 800mhz 240-pin ddr2 cl5 dual channel desktop memory - cm2x1024-6400,0.639344262295082
corsair xms2 2gb 2 x 1gb pc2-6400 800mhz 240-pin ddr2 cl5 dual channel desktop memory kit - twin2x4096-6400c5c,corsair xms2 2gb 2 x 1gb pc2-6400 800mhz 240-pin ddr2 cl5 dual channel desktop memory kit - twin2x2048-6400,0.8362068965517241
corsair xms2 2gb 2 x 1gb pc2-6400 800mhz 240-pin ddr2 cl5 dual channel desktop memory kit - twin2x4096-6400c5c,corsair xms2 4 gb 2 x 2 gb pc2-6400 800 mhz 240-pin ddr2 dual-channel memory kit - twin2x4096-6400c5,0.6504065040650406
scosche increased dynamic range chameleon earphones idr355md,scosche increased dynamic range chameleon earphones black,0.7536231884057971
birdhouse tony hawk 2gb full skull skatedrive usb flash drive,birdhouse tony hawk 16gb ptero skatedrive usb flash drive,0.6818181818181818
birdhouse tony hawk 2gb full skull skatedrive usb flash drive,birdhouse tony hawk 16gb bonepile skatedrive usb flash drive,0.6521739130434783
birdhouse tony hawk 2gb full skull skatedrive usb flash drive,birdhouse tony hawk 16gb full skull skatedrive usb flash drive,0.8813559322033898
apple ipad 10w usb power adapter,official apple ipad 10w usb power charger adapter,0.6153846153846154
ep 2gb usb 2.0 capless wave flash drive pink,ep memory 32 gb usb 2.0 capless wave flash drive ep memoryclp 32gb-2.0 pink,0.6086956521739131
logitech wireless mouse m315 silver,logitech m305 wireless mouse silver,0.7209302325581395
logitech wireless mouse m315 silver,logitech wireless mouse m310 silver,0.85
sandisk ultraii 8gb memory stick pro duo,sandisk 8gb ultra ii memory stick pro duo,0.7708333333333334
pendaflex two-ply dark kraft file folders top tab brown 100 box,pendaflex rk152 - two-ply dark kraft file folders straight cut top tab letter brown 100 box,0.6458333333333334
motorola h17 bluetooth headset,motorola h710 bluetooth headset,0.7567567567567568
motorola h17 bluetooth headset,motorola hk100 bluetooth headset,0.7368421052631579
motorola h17 bluetooth headset,motorola h690 bluetooth headset,0.7567567567567568
motorola h17 bluetooth headset,motorola h730 bluetooth headset,0.7567567567567568
da-lite da-plex standard rear projection screen - 60 x 80 video format,da-lite da-plex standard rear projection screen - 94 1 2 x 168 hdtv format,0.6404494382022472
da-lite da-plex standard rear projection screen - 60 x 80 video format,da-plex standard rear projection screen - 96 x 96 av format,0.625
da-lite da-plex standard rear projection screen - 60 x 80 video format,da-plex standard rear projection screen - 81 x 108 video format,0.7
western digital 1tb my passport essential se usb 3.0 portable external hard drive,western digital my passport essential se 750 gb usb 3.0 2.0 ultra portable external hard drive black,0.6538461538461539
western digital 1tb my passport essential se usb 3.0 portable external hard drive,western digital my passport essential se 1 tb usb 3.0 2.0 ultra portable external hard drive metallic blue,0.6542056074766355
western digital 1tb my passport essential se usb 3.0 portable external hard drive,western digital my passport essential se 750 gb portable external hard drive usb 2.0 drive cool silver,0.6407766990291263
western digital 1tb my passport essential se usb 3.0 portable external hard drive,western digital my passport essential se 750 gb usb 3.0 2.0 ultra portable external hard drive silver,0.6476190476190476
western digital 1tb my passport essential se usb 3.0 portable external hard drive,western digital my passport essential se 1 tb usb 3.0 2.0 ultra portable external hard drive silver,0.6764705882352942
western digital 1tb my passport essential se usb 3.0 portable external hard drive,western digital my passport essential 500 gb usb 3.0 2.0 portable external hard drive pacific blue,0.6568627450980392
western digital 1tb my passport essential se usb 3.0 portable external hard drive,western digital my passport essential se 1 tb usb 2.0 portable external hard drive midnight black,0.6504854368932039
western digital 1tb my passport essential se usb 3.0 portable external hard drive,western digital my passport essential se 750 gb usb 2.0 portable external hard drive midnight black,0.6226415094339622
pendaflex 2  reinforced hanging file folder standard green 25 box,pendaflex rcy415215sgr - reinforced hanging file folders kraft letter standard green 25 box,0.6458333333333334
pentel quicker clicker automatic pencil,penpd345a - quicker clicker automatic pencil,0.6739130434782609
verbatim store n go superspeed usb 3.0 portable hard drive 500gb,verbatim store n go superspeed 1 tb usb 3.0 portable hard drive 97395 black,0.6823529411764706
da-lite pearlescent tensioned cosmopolitan electrol - av format 9 x 9 diagonal,da-lite 98811 pearlescent tensioned cosmopolitan electrol - av format 12 x 12 diagonal,0.7912087912087912
da-lite pearlescent tensioned cosmopolitan electrol - av format 9 x 9 diagonal,da-lite 98814 pearlescent tensioned cosmopolitan electrol - av format 10 6 x 14 diagonal,0.7659574468085106
da-lite pearlescent tensioned cosmopolitan electrol - av format 9 x 9 diagonal,da-lite 98813 hc da-mat tensioned cosmopolitan electrol - av format 10 6 x 14 diagonal,0.6039603960396039
da-lite pearlescent tensioned cosmopolitan electrol - av format 9 x 9 diagonal,da-lite 98810 hc da-mat tensioned cosmopolitan electrol - av format 12 x 12 diagonal,0.6288659793814433
iogear gbu421w6 bluetooth usb micro adapter,iogear usb 2.1 bluetooth micro adapter gbu421,0.6727272727272727
coby pink high-performance isolation stereo earphones cvem79pnk,coby jammerz high-performance isolation stereo earphones cve52red red,0.6071428571428571
coby pink high-performance isolation stereo earphones cvem79pnk,coby jammerz platinum high-performance isolation stereo earphones cvem79red red,0.6067415730337079
avery dot matrix printer address labels 2 across 3-1 2 x 15 16 10000 box,avery 4029 dot matrix printer white address labels 3-1 2 x 15 16 4 across 20000 box,0.7303370786516854
3m natural view screen protector for ipad,3m natural view screen protector for ipod touch 4g,0.6909090909090909
wintec filemate 4gb swivel usb flash drive black,wintec filemate 8 gb swivel usb drive - black,0.6666666666666666
wintec filemate 4gb swivel usb flash drive black,wintec filemate 16 gb swivel usb drive - black,0.6551724137931034
da-lite da-plex self trimming rear projection screen - 96 x 120 av format,da-lite da-plex self trimming rear projection screen - 94 1 2 x 168 hdtv format,0.7303370786516854
da-lite da-plex self trimming rear projection screen - 96 x 120 av format,da-lite 27578 da-plex self trimming rear projection screen - 96 x 96 av format,0.8192771084337349
da-lite da-plex self trimming rear projection screen - 96 x 120 av format,da-glas self trimming rear projection screen - 70 x 70 av format,0.6235294117647059
da-lite da-plex self trimming rear projection screen - 96 x 120 av format,da-lite 27673 da-glas self trimming rear projection screen - 96 x 96 av format,0.6966292134831461
microsoft wireless laser desktop 3000 keyboard and mouse combo,microsoft wireless desktop 800 keyboard and mouse combo,0.7794117647058824
microsoft wireless laser desktop 3000 keyboard and mouse combo,microsoft wireless desktop 3000 keyboard and mouse combo,0.8769230769230769
da-lite da-glas deluxe rear projection screen - 50 x 50 av format,da-glas base rear projection screen - 70 x 70 av format,0.6301369863013698
da-lite da-glas deluxe rear projection screen - 50 x 50 av format,da-lite 27658 da-glas deluxe rear projection screen - 57 3 4 x 77 video format,0.625
da-lite da-glas deluxe rear projection screen - 50 x 50 av format,da-lite 27651 da-glas deluxe rear projection screen - 96 x 96 av format,0.7402597402597403
da-lite da-glas deluxe rear projection screen - 50 x 50 av format,da-lite 27660 da-glas deluxe rear projection screen - 72 x 96 video format,0.6352941176470588
elite screens cinewhite cinema235 series fixed frame wide screen - 85 diagonal,cinewhite cinema235 series fixed frame wide screen - 96 diagonal,0.7733333333333333
ihome wireless optical mouse black,ihome slimline wireless optical mouse black,0.8
sennheiser sh 230 monaural headset,sennheiser binaural headset,0.625
corsair cm2x2048-6400c5 xms2 2gb pc2-6400 800mhz 240-pin ddr2 cl5 dual channel desktop memory kit,corsair xms2 1gb pc2-6400 800mhz 240-pin ddr2 cl5 dual channel desktop memory - cm2x1024-6400,0.6936936936936937
corsair cm2x2048-6400c5 xms2 2gb pc2-6400 800mhz 240-pin ddr2 cl5 dual channel desktop memory kit,corsair xms2 2gb 2 x 1gb pc2-6400 800mhz 240-pin ddr2 cl5 dual channel desktop memory kit - twin2x2048-6400,0.7478260869565218
da-lite da-glas standard rear projection screen 72 x 96 video format,da-lite 27636 da-glas standard rear projection screen 50 1 2 x 67 1 4 video format,0.6777777777777778
da-lite da-glas standard rear projection screen 72 x 96 video format,da-lite da-glas thru-the-wall rear projection screen - 72 x 96 video format,0.6666666666666666
da-lite da-glas standard rear projection screen 72 x 96 video format,da-lite 27660 da-glas deluxe rear projection screen - 72 x 96 video format,0.6551724137931034
da-lite da-glas standard rear projection screen 72 x 96 video format,da-lite 27637 da-glas standard rear projection screen 57 3 4 x 77 video format,0.6818181818181818
da-lite holoscreen rear projection screen - 22 x 33 3 4 video format,da-lite 20032 holoscreen rear projection screen - 33 x 50 1 2 video format,0.6585365853658537
audiosource bi5 5  in-wall construction bracket mount,audiosource bi5 5.25 in-wall construction bracket mount,0.8666666666666667
tops paper pads legal rule letter size 50 sheet pads dozen,tops 7533 - paper pads legal rule letter size white 50 sheet pads dozen,0.7761194029850746
iosafe rugged 250gb usb 3.0 portable external hard drive,iosafe rugged portable 1 tb usb 3.0 external hard drive pa51000u1yr,0.6075949367088608
iosafe rugged 250gb usb 3.0 portable external hard drive,iosafe rugged portable 250 gb usb 3.0 external hard drive pa50250u1yr,0.6623376623376623
iosafe rugged 250gb usb 3.0 portable external hard drive,iosafe rugged portable 500 gb usb 3.0 external hard drive pa50500u1yr,0.620253164556962
optoma bl-fp200c replacement projector lamp for hd70 home theater projector,optoma bl-fu220a replacement lamp for hd72 hd73 home theater projector,0.6829268292682927
weyerhaeuser company multiuse premium paper 98 brightness 24lb 8-1 2 x 14 white 500 sheets ream,new-weyerhaeuser company 85791 - multiuse premium paper 98 brightness 24lb 11 x 17 white 500 sheets ream - dmr85791,0.6349206349206349
canon mp41dhii printing calculator,canon mp11dx printing calculator,0.6666666666666666
avery file folder labels on mini-sheets 3-7 16 x 2 3 300 pack,avery 2181 - file folder labels on mini-sheets 2 3 x 3-7 16 white 300 pack,0.7160493827160493
da-lite da-plex deluxe rear projection screen - 50 1 2 x 67 1 4 video format,da-lite 27565 da-plex deluxe rear projection screen - 72 x 96 video format,0.6777777777777778
da-lite da-plex deluxe rear projection screen - 50 1 2 x 67 1 4 video format,da-lite da-plex deluxe rear projection screen - 94 1 2 x 168 hdtv format,0.6555555555555556
da-lite da-plex deluxe rear projection screen - 50 1 2 x 67 1 4 video format,da-lite da-view thru-the-wall rear projection screen - 50 1 2 x 67 1 4 video format,0.65625
da-lite mahogany veneer model b manual screen with high power fabric - 60 x 60 av format,honey maple veneer model b manual screen with high power fabric - av format size 60 x 60,0.6018518518518519
da-lite mahogany veneer model b manual screen with high power fabric - 60 x 60 av format,medium oak veneer model b manual screen with high power fabric - av format size 60 x 60,0.6018518518518519
green onions supply iveil hybrid keyboard protector,green onions supply iveil hybrid keyboard protector for apple ipad keyboard dock rt-kbhbipad,0.6144578313253012
griffin ipod touch 4g screen care kit 3 pack,griffin gb01950 ipod touch 4g screen care kit 3 pk,0.7192982456140351
sunpak 67mm circular polarized filter,sunpak cf-7062 cp 72mm circular polarized filter,0.6415094339622641
sunpak 67mm circular polarized filter,sunpak cp 77mm circular polarizer filter,0.6808510638297872
corsair memory vs2gbkit400c3 2 gb pc3200 400mhz 184-pin ddr desktop memory kit,corsair memory vs1gb400c3 1 gb pc-3200 400mhz 184-pin ddr desktop memory,0.6470588235294118
avery allstate-style legal side tab divider title a letter white 25 pack,new-avery 82168 - allstate-style legal side tab divider title f letter white 25 pack - ave82168,0.6526315789473685
logitech m305 wireless mouse black,logitech m305 wireless mouse silver,0.6590909090909091
startech 2 port pci express superspeed usb 3.0 card adapter,startech.com 2 port pci superspeed usb 3.0 card adapter pciusb3s2,0.6233766233766234
da-lite light oak veneer model b manual screen with high power fabric - 60 x 60 av format,medium oak veneer model b manual screen with high power fabric - av format size 60 x 60,0.6571428571428571
humminbird 778c hd color fishing system,humminbird 407950-1 788ci hd color fishing system,0.6140350877192983
pc treasures retractable mighty mini mouse navy,pc treasures mighty mini mouse- retractable,0.7037037037037037
pc treasures retractable mighty mini mouse navy,pc treasures mighty mini mouse- retractable,0.7037037037037037
pc treasures retractable mighty mini mouse navy,pc treasures mighty mini mouse- retractable,0.7037037037037037
pc treasures retractable mighty mini mouse navy,pc treasures mighty mini mouse- retractable,0.7037037037037037
startech.com icusb1284 6 ft usb to parallel printer adapter,startech.com icusb128410 10 feet usb to parallel printer adapter - m m,0.6710526315789473
aleratec inc cd dvd shredder,aleratec 240143 dvd cd shredder,0.6153846153846154
da-lite dual vision tensioned cosmopolitan electrol - av format 7 x 9 diagonal,da-lite 97991 dual vision tensioned cosmopolitan electrol - av format 10 6 x 14 diagonal,0.7446808510638298
da-lite dual vision tensioned cosmopolitan electrol - av format 7 x 9 diagonal,da-lite 97986 hc cinema vision tensioned cosmopolitan electrol - av format 12 x 12 diagonal,0.65
da-lite dual vision tensioned cosmopolitan electrol - av format 7 x 9 diagonal,da-lite 98812 cinema vision tensioned cosmopolitan electrol - av format 12 x 12 diagonal,0.6770833333333334
da-lite dual vision tensioned cosmopolitan electrol - av format 7 x 9 diagonal,da-lite 98810 hc da-mat tensioned cosmopolitan electrol - av format 12 x 12 diagonal,0.6185567010309279
da-lite da-glas standard rear projection screen 81 x 108 video format,da-lite 27636 da-glas standard rear projection screen 50 1 2 x 67 1 4 video format,0.6521739130434783
da-lite da-glas standard rear projection screen 81 x 108 video format,da-lite 27639 da-glas standard rear projection screen 72 x 96 video format,0.7058823529411765
da-lite da-glas standard rear projection screen 81 x 108 video format,da-plex standard rear projection screen - 81 x 108 video format,0.7088607594936709
da-lite da-glas standard rear projection screen 81 x 108 video format,da-lite 27637 da-glas standard rear projection screen 57 3 4 x 77 video format,0.6741573033707865
inland pro 6-sheet paper shredder,inland pro 8-sheet paper shredder 05302,0.6666666666666666
inland pro 6-sheet paper shredder,inland pro 05304 paper shredder,0.6190476190476191
inland pro 6-sheet paper shredder,inland pro 05303 paper shredder,0.6190476190476191
joby gorillapod original yellow,joby gorillapod original,0.6764705882352942
da-lite da-view thru-the-wall rear projection screen - 60 x 80 video format,da-lite da-plex thru-the-wall rear projection screen - 90 x 120 video format,0.7191011235955056
da-lite da-view thru-the-wall rear projection screen - 60 x 80 video format,da-lite da-glas thru-the-wall rear projection screen - 90 x 120 video format,0.7191011235955056
da-lite da-view thru-the-wall rear projection screen - 60 x 80 video format,da-lite da-view thru-the-wall rear projection screen - 45 x 80 hdtv format,0.7558139534883721
da-lite da-view thru-the-wall rear projection screen - 60 x 80 video format,da-lite da-view thru-the-wall rear projection screen - 57 3 4 x 77 video format,0.7727272727272727
da-lite da-view thru-the-wall rear projection screen - 60 x 80 video format,da-lite da-glas thru-the-wall rear projection screen - 72 x 96 video format,0.6888888888888889
da-lite da-view thru-the-wall rear projection screen - 60 x 80 video format,da-lite da-plex thru-the-wall rear projection screen - 72 x 96 video format,0.6888888888888889
da-lite da-view thru-the-wall rear projection screen - 60 x 80 video format,da-lite da-view thru-the-wall rear projection screen - 50 1 2 x 67 1 4 video format,0.7472527472527473
endust lcd and plasma screen cleaner for small screens,endust 11568 electronics screen cleaner for lcd and plasma screens,0.6142857142857143
da-lite hc cinema vision tensioned cosmopolitan electrol - av format 7 x 9 diagonal,da-lite 97991 dual vision tensioned cosmopolitan electrol - av format 10 6 x 14 diagonal,0.625
da-lite hc cinema vision tensioned cosmopolitan electrol - av format 7 x 9 diagonal,da-lite 97978 hc cinema vision tensioned cosmopolitan electrol - video format 220 diagonal,0.7
da-lite hc cinema vision tensioned cosmopolitan electrol - av format 7 x 9 diagonal,da-lite 97986 hc cinema vision tensioned cosmopolitan electrol - av format 12 x 12 diagonal,0.7894736842105263
da-lite hc cinema vision tensioned cosmopolitan electrol - av format 7 x 9 diagonal,da-lite 98812 cinema vision tensioned cosmopolitan electrol - av format 12 x 12 diagonal,0.7659574468085106
da-lite hc cinema vision tensioned cosmopolitan electrol - av format 7 x 9 diagonal,da-lite 97974 hc cinema vision tensioned cosmopolitan electrol - video format 210 diagonal,0.7
da-lite hc cinema vision tensioned cosmopolitan electrol - av format 7 x 9 diagonal,da-lite 98810 hc da-mat tensioned cosmopolitan electrol - av format 12 x 12 diagonal,0.62
da-lite dual vision tensioned advantage deluxe electrol - hdtv format 92 diagonal,hc da-mat tensioned advantage deluxe electrol - hdtv format size 92 diagonal,0.6595744680851063
logitech wireless mouse m310 bundle,logitech wireless mouse m310 silver,0.6444444444444445
diaper dude black coated grey digi laptop sleeve 13,diaper dude black coated grey laptop sleeve 15-inch digi-lp15cc400,0.6351351351351351
panasonic kx-tg4022n dect 6.0 plus expandable cordless answering system w 2 handsets,panasonic kx-tg6532b dect 6.0 plus expandable digital cordless phone with answering system black 2 handsets,0.6050420168067226
platt heavy-duty polyethylene case with wheels and telescoping handle in gray 15 x 23 x 10,282011h platt heavy-duty polyethylene case with wheels and telescoping handle,0.6470588235294118
platt heavy-duty polyethylene case with wheels and telescoping handle in gray 15 x 23 x 10,221609h platt heavy-duty polyethylene case with wheels and telescoping handle,0.6470588235294118
platt heavy-duty polyethylene case with wheels and telescoping handle in gray 15 x 23 x 10,241811h platt heavy-duty polyethylene case with wheels and telescoping handle,0.6470588235294118
belkin shield micra for ipod touch tint,belkin ipod touch shield micra tint-coral,0.6153846153846154
belkin shield micra for ipod touch tint,belkin ipod touch shield micra tint-black,0.6153846153846154
da-lite dual vision tensioned cosmopolitan electrol - av format 10 x 10 diagonal,da-lite 97991 dual vision tensioned cosmopolitan electrol - av format 10 6 x 14 diagonal,0.8222222222222222
da-lite dual vision tensioned cosmopolitan electrol - av format 10 x 10 diagonal,da-lite 98811 pearlescent tensioned cosmopolitan electrol - av format 12 x 12 diagonal,0.62
da-lite dual vision tensioned cosmopolitan electrol - av format 10 x 10 diagonal,da-lite 97986 hc cinema vision tensioned cosmopolitan electrol - av format 12 x 12 diagonal,0.6836734693877551
da-lite dual vision tensioned cosmopolitan electrol - av format 10 x 10 diagonal,da-lite 97989 da-tex rear tensioned cosmopolitan electrol - av format 10 6 x 14 diagonal,0.6336633663366337
da-lite dual vision tensioned cosmopolitan electrol - av format 10 x 10 diagonal,da-lite 98814 pearlescent tensioned cosmopolitan electrol - av format 10 6 x 14 diagonal,0.6336633663366337
da-lite dual vision tensioned cosmopolitan electrol - av format 10 x 10 diagonal,da-lite 98812 cinema vision tensioned cosmopolitan electrol - av format 12 x 12 diagonal,0.7127659574468085
da-lite dual vision tensioned cosmopolitan electrol - av format 10 x 10 diagonal,da-lite 97974 hc cinema vision tensioned cosmopolitan electrol - video format 210 diagonal,0.6019417475728155
da-lite dual vision tensioned cosmopolitan electrol - av format 10 x 10 diagonal,da-lite 98813 hc da-mat tensioned cosmopolitan electrol - av format 10 6 x 14 diagonal,0.6597938144329897
da-lite dual vision tensioned cosmopolitan electrol - av format 10 x 10 diagonal,da-lite 98810 hc da-mat tensioned cosmopolitan electrol - av format 12 x 12 diagonal,0.6702127659574468
logitech hd 720p webcam c310,logitech 720p webcam c510,0.6764705882352942
brother tn360 black toner cartridge,brother tn330 black toner cartridge,0.8461538461538461
brother tn360 black toner cartridge,brother black toner cartridge tn420,0.6363636363636364
brother tn360 black toner cartridge,brother black toner cartridge tn-350,0.6222222222222222
brother tn360 black toner cartridge,brother tn250 toner cartridge,0.6097560975609756
brother tn360 black toner cartridge,brother tn540 black toner cartridge,0.8
new york mets ipod touch 4g hard case,new york jets ipod touch 4g hard case,0.8571428571428571
amped wireless high power outdoor 8 dbi omni-directional wi-fi antenna kit,amped wireless high power outdoor 14dbi directional wifi antenna kit ad14ex,0.6373626373626373
logitech corded mouse black,logitech corded mouse m500,0.6285714285714286
da-lite da-glas unframed rear projection screen - 43 1 4 x 57 3 4 video format,da-plex base rear projection screen - 43 1 4 x 57 3 4 video format,0.6292134831460674
da-lite da-glas unframed rear projection screen - 43 1 4 x 57 3 4 video format,da-lite da-plex unframed rear projection screen - 108 x 144 video format,0.6236559139784946
da-lite da-glas unframed rear projection screen - 43 1 4 x 57 3 4 video format,da-lite 27658 da-glas deluxe rear projection screen - 57 3 4 x 77 video format,0.6020408163265306
da-lite da-glas unframed rear projection screen - 43 1 4 x 57 3 4 video format,da-glas base rear projection screen - 43 1 4 x 57 3 4 video format,0.7261904761904762
rca 10db video signal amplifier,ge 22db video signal amplifier,0.625
hercules dualpix emotion hd 720p usb webcam,hercules dualpix emotion webcam,0.6956521739130435
scotch cushion wrap,scotch bubble cushion wrap,0.6896551724137931
da-lite da-plex self trimming rear projection screen - 58 x 104 hdtv format,da-lite da-plex self trimming rear projection screen - 94 1 2 x 168 hdtv format,0.7727272727272727
da-lite da-plex self trimming rear projection screen - 58 x 104 hdtv format,da-lite 27578 da-plex self trimming rear projection screen - 96 x 96 av format,0.6813186813186813
da-lite da-plex self trimming rear projection screen - 58 x 104 hdtv format,da-lite 27903 da-plex self trimming rear projection screen - 96 x 120 av format,0.6774193548387096
da-lite matte white advantage manual with csr - wide format 130 diagonal,hc matte white advantage manual with csr - wide format size 94 diagonal,0.7
da-lite matte white advantage manual with csr - wide format 130 diagonal,hc matte white advantage manual with csr - video format size 72 diagonal,0.6046511627906976
chicago cubs pink iphone 4 hard case,chicago white sox pink iphone 4 hard case,0.6530612244897959
green onions supply anti-glare screen protector for 17-inch wide laptop lcd screen -1 piece transparent,green onions supply rt-spf10141w m anti-glare screen protector for 14.1-inch laptop lcd screen -1 piece transparent,0.7241379310344828
garmin gpsmap 78s 010-00864-01 marine gps navigator and world wide chartplotter,garmin gpsmap 78 2.6-inch marine gps navigator and worldwide chartplotter,0.6593406593406593
philips gogear ariaz mp3 player,philips gogear ariaz 8 gb mp3 player silver,0.6956521739130435
eveready gold alkaline aa batteries 24-pack,eveready gold alkaline batteries d 4 pack,0.6923076923076923
quartet horizontal format planning system porcelain 36 x 24 white aluminum frame,quartet pp132 - horizontal format planning system porcelain 36 x 24 graphite,0.6391752577319587
buffalo technology drivestation axis 1.5 tb usb 2.0 desktop external hard drive with buffalo tools and turbo pc hd-lb1.5tu2 black,buffalo technology drivestation axis 1 tb usb 2.0 desktop external hard drive with buffalo tools and turbo pc hd-lb1.0tu2 black,0.9112903225806452
buffalo technology drivestation axis 1.5 tb usb 2.0 desktop external hard drive with buffalo tools and turbo pc hd-lb1.5tu2 black,buffalo technology drivestation axis 2 tb usb 3.0 desktop external hard drive with buffalo tools hd-lb2.0tu3 black,0.6842105263157895
buffalo technology drivestation axis 1.5 tb usb 2.0 desktop external hard drive with buffalo tools and turbo pc hd-lb1.5tu2 black,buffalo technology drivestation axis 1 tb usb 3.0 desktop external hard drive with buffalo tools hd-lb1.0tu3 black,0.7099236641221374
buffalo technology drivestation axis 1.5 tb usb 2.0 desktop external hard drive with buffalo tools and turbo pc hd-lb1.5tu2 black,buffalo technology drivestation datavault 1.5 tb usb 2.0 desktop external hard drive hd-cxt1.5tu2 black,0.6102941176470589
da-lite da-plex self trimming rear projection screen - 60 x 60 av format,da-lite da-plex self trimming rear projection screen - 94 1 2 x 168 hdtv format,0.7159090909090909
da-lite da-plex self trimming rear projection screen - 60 x 60 av format,da-lite 27578 da-plex self trimming rear projection screen - 96 x 96 av format,0.7619047619047619
da-lite da-plex self trimming rear projection screen - 60 x 60 av format,da-glas self trimming rear projection screen - 70 x 70 av format,0.6666666666666666
da-lite da-plex self trimming rear projection screen - 60 x 60 av format,da-lite 27903 da-plex self trimming rear projection screen - 96 x 120 av format,0.7558139534883721
da-lite da-plex self trimming rear projection screen - 60 x 60 av format,da-glas self trimming rear projection screen - 60 x 80 video format,0.6091954022988506
da-lite da-plex self trimming rear projection screen - 60 x 60 av format,da-lite 27673 da-glas self trimming rear projection screen - 96 x 96 av format,0.6444444444444445
elite screens cinegray prime vision series fixed frame screen - 135 diagonal,cinewhite prime vision series fixed frame screen - 150 diagonal,0.6463414634146342
elite screens cinegray prime vision series fixed frame screen - 135 diagonal,cinegray prime vision series fixed frame screen - 165 diagonal,0.7631578947368421
elite screens cinegray prime vision series fixed frame screen - 135 diagonal,powergain prime vision series fixed frame screen - 135 diagonal,0.6463414634146342
elite screens cinegray prime vision series fixed frame screen - 135 diagonal,cinewhite prime vision series fixed frame screen - 120 diagonal,0.6463414634146342
ihome app-friendly rechargeable speaker system for ipad iphone ipod,ihome id8g ipad tm iphone r ipod r app-friendly rechargeable speaker system,0.6987951807228916
ihome app-friendly rechargeable speaker system for ipad iphone ipod,ihome app-friendly rechargeable speaker system for ipad iphone and ipod,0.9428571428571428
belkin pro series 6 usb 2.0 5-pin mini-b cable,belkin f3u138-10 pro series 10-foot usb 2.0 5-pin mini-b cable,0.6417910447761194
wilson jones                                       wallet file legal recycled kraft,wilson jones wcc7204rk - wallet file letter recycled kraft,0.6119402985074627
da-lite da-glas deluxe rear projection screen - 96 x 96 av format,da-lite 27597 da-glas unframed rear projection screen - 96 x 96 av format,0.6790123456790124
da-lite da-glas deluxe rear projection screen - 96 x 96 av format,da-lite 27658 da-glas deluxe rear projection screen - 57 3 4 x 77 video format,0.6067415730337079
da-lite da-glas deluxe rear projection screen - 96 x 96 av format,da-lite 27912 da-glas unframed rear projection screen - 96 x 120 av format,0.6162790697674418
da-lite da-glas deluxe rear projection screen - 96 x 96 av format,da-lite 27673 da-glas self trimming rear projection screen - 96 x 96 av format,0.6395348837209303
da-lite da-glas deluxe rear projection screen - 96 x 96 av format,da-lite 27660 da-glas deluxe rear projection screen - 72 x 96 video format,0.6951219512195121
marware c.e.o. hybrid ipad 2 case black,marware c.e.o. hybrid for ipad - black,0.6530612244897959
xantech 283dmw designer blink emitter single mini wire,xantech 283d designer blink emitter single,0.6896551724137931
zax pro series component cable 3m,zax 87210 pro series component cable 10 m,0.6739130434782609
v7 8gb sd card secure digital high capacity 8 gb memory card,v7 4gb sd card secure digital high capacity 4 gb memory card,0.8095238095238095
michigan wolverines iphone 4 case silicone cover,michigan wolverines iphone 3g silicone cover,0.7647058823529411
mobile edge eco-friendly canvas messenger bag navy,mobile edge eco-friendly canvas messenger bag green,0.7758620689655172
sharpie retractable permanent markers fine point set of 12 black,sharpie 32701 - retractable permanent marker fine point black,0.6447368421052632
gear head 2.4ghz wireless optical nano mouse black,gear head 2.4 ghz wireless optical nano mouse purple black mp2425pur,0.6575342465753424
gear head 2.4ghz wireless optical nano mouse black,2.4ghz wireless optical nano mouse black  usb,0.6229508196721312
gear head 2.4ghz wireless optical nano mouse black,gear head 2.4ghz wireless optical tilt-wheel nano mouse - red black om6500wt,0.6049382716049383
protector film for ipad 2 anti-glare,simplism protector film for ipad anti-glare,0.6530612244897959
targus universal usb car charger,universal dual usb car charger,0.6410256410256411
da-lite da-plex unframed rear projection screen - 84 x 84 av format,da-lite 27597 da-glas unframed rear projection screen - 96 x 96 av format,0.6235294117647059
da-lite da-plex unframed rear projection screen - 84 x 84 av format,da-lite 27514 da-plex unframed rear projection screen - 108 x 144 video format,0.6292134831460674
da-lite da-plex unframed rear projection screen - 84 x 84 av format,da-lite da-plex unframed rear projection screen - 108 x 144 video format,0.6951219512195121
da-lite da-plex unframed rear projection screen - 84 x 84 av format,da-lite 27512 da-plex unframed rear projection screen - 72 x 96 video format,0.6436781609195402
da-lite da-plex unframed rear projection screen - 84 x 84 av format,da-lite 27912 da-glas unframed rear projection screen - 96 x 120 av format,0.6022727272727273
netgear prosafe plus 8-port gigabit ethernet switch with poe,netgear prosafe plus switch 8-port gigabit ethernet gs108e,0.7352941176470589
bower ss26 digital neck strap green,bower ss26 digital neck strap brown,0.7209302325581395
comprehensive 1 4 standard stereo phone jack cable end set of 25,comprehensive spp 1 4 standard phone plug cable end set of 25,0.6710526315789473
avery dot matrix printer address labels 1 across 3-1 2 x 1-7 16 white 5000 box,avery 4033 dot matrix printer white addressing labels 4 x 1-7 16 3 across 15000 box,0.64
avery dot matrix printer address labels 1 across 3-1 2 x 1-7 16 white 5000 box,avery 4029 dot matrix printer white address labels 3-1 2 x 15 16 4 across 20000 box,0.6875
da-lite da-glas unframed rear projection screen - 57 3 4 x 77 video format,da-lite 27597 da-glas unframed rear projection screen - 96 x 96 av format,0.6153846153846154
da-lite da-glas unframed rear projection screen - 57 3 4 x 77 video format,da-lite da-view thru-the-wall rear projection screen - 57 3 4 x 77 video format,0.631578947368421
da-lite da-glas unframed rear projection screen - 57 3 4 x 77 video format,da-lite da-plex unframed rear projection screen - 108 x 144 video format,0.6263736263736264
da-lite da-glas unframed rear projection screen - 57 3 4 x 77 video format,da-lite 27658 da-glas deluxe rear projection screen - 57 3 4 x 77 video format,0.7111111111111111
da-lite da-glas unframed rear projection screen - 57 3 4 x 77 video format,da-plex base rear projection screen - 57 3 4 x 77 video format,0.6162790697674418
da-lite da-glas unframed rear projection screen - 57 3 4 x 77 video format,da-lite 27637 da-glas standard rear projection screen 57 3 4 x 77 video format,0.6739130434782609
v7 4gb sd card class 6 high capacity sdhc 4 gb,v7 32gb sd card class 6 high capacity sdhc 32 gb,0.75
v7 4gb sd card class 6 high capacity sdhc 4 gb,v7 16gb sd card class 6 high capacity sdhc 16 gb,0.75
v7 4gb sd card class 6 high capacity sdhc 4 gb,v7 8gb sd card class 6 high capacity sdhc 8 gb,0.7647058823529411
canon cli-226 black ink tank,canon cli-221 ink tank black,0.6857142857142857
buffalo technology linkstation duo dual-bay 1.0 tb 1 x 1tb network attatched storage ls-wx1.0tl 1d,buffalo technology linkstation duo 2 tb 2 x 1 tb network attached storage ls-wx2.0tl r1,0.6396396396396397
buffalo technology linkstation duo dual-bay 1.0 tb 1 x 1tb network attatched storage ls-wx1.0tl 1d,buffalo technology linkstation duo 1 tb 2 x 500 gb network attached storage ls-wx1.0tl r1,0.6403508771929824
buffalo technology linkstation duo dual-bay 1.0 tb 1 x 1tb network attatched storage ls-wx1.0tl 1d,buffalo technology linkstation duo 4 tb 2 x 2 tb network attached storage ls-wx4.0tl r1,0.6106194690265486
night owl security products ccd wired color security camera with 60 cable,night owl security products cam-cm01-245 wired color security camera with 60 of cable,0.75
inland pro 8-sheet paper shredder,inland pro 05304 paper shredder,0.6190476190476191
inland pro 8-sheet paper shredder,inland pro 05303 paper shredder,0.6190476190476191
inland pro 8-sheet paper shredder,inland pro 6-sheet paper shredder 05301,0.6666666666666666
joby gorillapod original orange,joby gorillapod original,0.696969696969697
sharp electronics xldh259n 160w micro system with ipod dock black,sharp electronics xldh229n 100w micro system with docking slot for ipod black,0.6404494382022472
netgear universal wi-fi range extender,netgear universal wifi range extender wn2000rpt,0.6481481481481481
birdhouse tony hawk 2gb ptero skatedrive usb flash drive,birdhouse tony hawk 16gb ptero skatedrive usb flash drive,0.8813559322033898
birdhouse tony hawk 2gb ptero skatedrive usb flash drive,birdhouse tony hawk 16gb bonepile skatedrive usb flash drive,0.6521739130434783
birdhouse tony hawk 2gb ptero skatedrive usb flash drive,birdhouse tony hawk 16gb full skull skatedrive usb flash drive,0.6818181818181818
clarion vz401 7  single-din multimedia control station with usb port and built-in bluetooth,clarion nx501 7 single-din navigation multimedia control staion with usb bluetooth,0.6095238095238096
innovera softskin gel keyboard wrist rest black,innovera softskin gel wrist rest black,0.7755102040816326
nzxt phantom crafted series atx full tower steel chassis black,nzxt crafted series atx full tower steel chassis - phantom white,0.7333333333333333
nzxt phantom crafted series atx full tower steel chassis black,nzxt crafted series atx full tower steel chassis - phantom red,0.7534246575342466
da-lite hc matte white advantage manual with csr - wide format 164 diagonal,hc matte white advantage manual with csr - wide format size 94 diagonal,0.7283950617283951
da-lite hc matte white advantage manual with csr - wide format 164 diagonal,hc matte white advantage manual with csr - video format size 72 diagonal,0.6136363636363636
elite screens maxwhite vmax2 plus2 series 82 overall height ezelectric motorized screen - 92 diagonal,maxwhite vmax2 plus2 series 116.5 overall height ezelectric motorized screen - 135 diagonal in white case,0.628099173553719
elite screens maxwhite vmax2 plus2 series 82 overall height ezelectric motorized screen - 92 diagonal,maxwhite vmax2 plus2 series ezelectric motorized screen - 92 diagonal,0.6836734693877551
ten one design pogo stylus for iphone 4 burnt orange,ten one design pogo sketch stylus for ipad iphone and ipod touch burnt orange,0.6447368421052632
zax pro series subwoofer cable 4m,zax 87710 pro series subwoofer cable 10 m,0.6739130434782609
zax pro series subwoofer cable 4m,zax 87710 pro series subwoofer cable 10 m,0.6739130434782609
tops second nature subject wire notebook college rule 6 x 9-1 2 we 80 sheets,tops 74111 - second nature subject wirebound notebook college rule ltr we 80 sheets,0.6736842105263158
sentry headart extreme folding headphones black,sentry headart extreme folding headphones blue,0.82
sentry headart extreme folding headphones black,sentry headart extreme folding headphones red,0.7647058823529411
sentry headart extreme folding headphones black,sentry headart extreme folding headphones silver,0.7222222222222222
sakar crayola digital camcorder,sakar 32072 crayola digital camcorder purple,0.6122448979591837
kensington wireless presenter pro with green laser pointer,kensington 33374 wireless presenter with laser pointer,0.6825396825396826
elite screens maxwhite vmax2 plus2 series ezelectric motorized screen - 135 diagonal in white case,maxwhite vmax2 plus2 series 116.5 overall height ezelectric motorized screen - 135 diagonal in white case,0.6964285714285714
elite screens maxwhite vmax2 plus2 series ezelectric motorized screen - 135 diagonal in white case,maxwhite vmax2 series ezelectric motorized screen - size 99 diagonal in black case,0.6190476190476191
elite screens maxwhite vmax2 plus2 series ezelectric motorized screen - 135 diagonal in white case,maxwhite vmax2 plus2 series ezelectric motorized screen - 92 diagonal,0.6458333333333334
elite screens maxwhite vmax2 plus2 series ezelectric motorized screen - 135 diagonal in white case,maxwhite vmax2 plus2 series ezelectric motorized screen - 92 diagonal in white case,0.7872340425531915
canon cli-226 cyan ink tank,canon cli-221 ink tank cyan,0.6285714285714286
canon cli-226 cyan ink tank,canon cli-8c cyan ink tank,0.7272727272727273
imation 16gb pocket flash drive,imation 4 gb usb 2.0 pocket flash drive,0.6086956521739131
innovera m4640 compatible remanufactured high-yield ink 484 page-yield black,innovera n0016 - n0016 compatible remanufactured ink 410 page-yield black,0.6436781609195402
innovera m4640 compatible remanufactured high-yield ink 484 page-yield black,innovera 86430 - 86430 compatible remanufactured high-yield toner 12000 page-yield black,0.6105263157894737
wausau paper astrobrights colored paper 24lb 8-1 2 x 11 planetary purple 500 sheets ream,wausau paper 21289 - astrobrights colored paper 24lb 8-1 2 x 11 assorted 500 sheets ream,0.65
wausau paper astrobrights colored paper 24lb 8-1 2 x 11 planetary purple 500 sheets ream,new-wausau paper 22671 - astrobrights colored paper 24lb 8-1 2 x 11 planetary purple 500 sheets ream - wau22671,0.7452830188679245
hon 10700 series right pedestal credenza 72w x 24d x 29-1 2h mahogany,new-hon 10707rnn - 10700 series right pedestal credenza 72w x 24d x 29-1 2h mahogany - hon10707rnn,0.7111111111111111
hp 8gb v220w usb flash drive,hp 4gb v255w usb flash drive,0.6216216216216216
audiosource bi8 8  in-wall construction bracket mount,audiosource bc8 8 in-ceiling construction bracket mount,0.6470588235294118
audiosource bi8 8  in-wall construction bracket mount,audiosource bi5 5.25 in-wall construction bracket mount,0.7777777777777778
audiosource bi8 8  in-wall construction bracket mount,audiosource bi5 5.25 in-wall construction bracket mount,0.7777777777777778
da-lite honey maple veneer model b manual screen with matte white fabric - 60 x 60 diagonal video format,natural walnut veneer model b manual screen with matte white fabric - diagonal video format size 60 x 60 diagonal,0.6229508196721312
da-lite honey maple veneer model b manual screen with matte white fabric - 60 x 60 diagonal video format,light oak veneer model b manual screen with matte white fabric - diagonal video format size 60 x 60 diagonal,0.6440677966101694
da-lite honey maple veneer model b manual screen with matte white fabric - 60 x 60 diagonal video format,medium oak veneer model b manual screen with matte white fabric - diagonal video format size 60 x 60 diagonal,0.6386554621848739
da-lite honey maple veneer model b manual screen with matte white fabric - 60 x 60 diagonal video format,heritage walnut veneer model b manual screen with matte white fabric - diagonal video format size 60 x 60 diagonal,0.6178861788617886
brother tx2511 laminated tape cartridge,brother tz641 laminated tape cartridge,0.7608695652173914
zax 87303 pro series 3m composite audio video cable,zax 87310 pro series composite audio video cable 10 m,0.671875
da-lite da-plex deluxe rear projection screen - 36 x 48 video format,da-lite 27565 da-plex deluxe rear projection screen - 72 x 96 video format,0.7142857142857143
da-lite da-plex deluxe rear projection screen - 36 x 48 video format,da-plex deluxe rear projection screen - 108 x 108 av format,0.6075949367088608
da-lite da-plex deluxe rear projection screen - 36 x 48 video format,da-lite da-plex deluxe rear projection screen - 94 1 2 x 168 hdtv format,0.632183908045977
da-lite da-plex deluxe rear projection screen - 36 x 48 video format,da-glas base rear projection screen - 36 x 48 video format,0.6329113924050633
smead capacity box bottom hanging file folders letter green 25 box,smead 64339 - one inch capacity box bottom hanging file folders legal green 25 box,0.6590909090909091
hp q3675a image transfer kit,hp c8555a - c8555a image transfer kit,0.6153846153846154
case logic high zoom camera case,case logic dcb-66 high zoom camera case black,0.6086956521739131
startech 6 slim 3.5mm right angle stereo audio cable m m,startech.com mu3mms2ra slim 3.5mm right angle stereo audio cable - m m 3 feet,0.6097560975609756
guardian flexstep antifatigue polypropylene rubber mat 24 x 36 black,guardian 24020302 - air step antifatigue mat polypropylene 24 x 36 black,0.6067415730337079
edge 8gb diskgo usb 2.0 flash drive silver,edge diskgo 4 gb usb 2.0 flash drive silver,0.78
veho vcc004muviblk black micro dv camcorder,veho vcc003muvi micro dv camcorder,0.62
pendaflex cutless watershed file folders 1 3 cut top tab letter manila 100 per box,pendaflex 421013 - interior file folders 1 3 cut top tab letter manila 100 box,0.6122448979591837
pendaflex cutless watershed file folders 1 3 cut top tab letter manila 100 per box,smead 10343 - watershed cutless file folders 1 3 cut top tab letter manila 100 box,0.6458333333333334
post-it notes professional series dispenser for 3 x 3 self-stick pop-up notes blk base,new-post-it notes pro2033 - notes professional series dispenser for 3 x 3 self-stick notes black base - mmmpro2033,0.6132075471698113
marware microshell for ipad black,marware microshell for ipad 2 black 602956008552,0.6037735849056604
marware microshell for ipad black,marware microshell for ipad clear,0.6666666666666666
quality park classic style invitation envelope contemporary white,quality park 36217 - classic style invitation envelope contemporary  5 1 2 white 100 box,0.6702127659574468
smead a-z indexed expanding files 21 pockets kraft letter brown,smead 70186 - jan-dec indexed expanding files 12 pockets kraft letter brown,0.6511627906976745
guardian ecoguard indoor rubber wiper mats 24 x 36 charcoal,guardian eg030504 - ecoguard indoor wiper mats rubber 36 x 60 charcoal,0.6666666666666666
belkin sport armband for ipod nano black,belkin dual-fit armband for ipod nano 4g black,0.6363636363636364
comprehensive f plug to bnc plug set of 25,comprehensive bj-up bnc jack to uhf plug set of 25,0.6140350877192983
maxell juicy tunes earbuds green,maxell juicy tunes earbud,0.6944444444444444
maxell juicy tunes earbuds green,maxell juicy tunes earbud,0.6944444444444444
duracell coppertop aa batteries 6pk,duracell coppertop 40 aa batteries,0.6976744186046512
duracell coppertop aa batteries 6pk,duracell coppertop batteries,0.675
duracell coppertop aa batteries 6pk,duracell coppertop batteries,0.675
duracell coppertop aa batteries 6pk,duracell coppertop batteries,0.675
duracell coppertop aa batteries 6pk,duracell coppertop batteries,0.675
comprehensive 25-pin male connector with hood set of 25,9-pin male connector with hood set of 25,0.6610169491525424
buffalo technology linkstation duo 1 tb 2 x 500 gb network attached storage ls-wx1.0tl r1,buffalo technology linkstation pro duo 4 tb 2 x 2 tb raid network attached storage ls-wv4.0tl r1 black,0.6134453781512605
buffalo technology linkstation duo 1 tb 2 x 500 gb network attached storage ls-wx1.0tl r1,buffalo technology linkstation pro duo 2 tb 2 x 1 tb raid network attached storage ls-wv2.0tl r1 black,0.6410256410256411
buffalo technology linkstation duo 1 tb 2 x 500 gb network attached storage ls-wx1.0tl r1,buffalo technology linkstation duo 2 tb 2 x 1 tb network attached storage ls-wx2.0tl r1,0.8247422680412371
buffalo technology linkstation duo 1 tb 2 x 500 gb network attached storage ls-wx1.0tl r1,buffalo technology linkstation duo 4 tb 2 x 2 tb network attached storage ls-wx4.0tl r1,0.7878787878787878
panasonic kxfa132 film cartridge and film roll,panasonic kxfa135 - kxfa135 film cartridge film roll,0.7058823529411765
sandisk 16gb sdhc memory card,sandisk 16gb microsdhc memory card,0.7631578947368421
microsoft comfort optical mouse 3000 silver blue,microsoft comfort optical mouse 3000,0.6923076923076923
apc essential surgearrest 7 outlet phone line protection 10 ft power cord p7t10,apc essential surgearrest 7 outlet phone line protection,0.6790123456790124
belkin f2n028-06-gld gold series monitor replacement cable,belkin f2n028-06 vga monitor replacement cable,0.6461538461538462
scosche 1993-up select subaru power 4-speaker connector,scosche su03rb 1993-up select subaru power 4-speaker connector,0.8709677419354839
da-lite da-mat tensioned advantage electrol - av format 60 x 60,hc da-mat tensioned advantage electrol - av format 50 x 50,0.6857142857142857
innovera 7653 compatible ink 8000 page-yield red,innovera 7970 compatible ink 800 page-yield red,0.8
chicago white sox pink iphone 4 hard case,chicago cubs pink iphone 4 hard case,0.6530612244897959
lexar media ljdff2gbasbna 2gb jumpdrive firefly usb 2.0 flash drive,lexar jumpdrive firefly 4 gb usb 2.0 flash drive ljdff4gbasbna white,0.6172839506172839
terk am fm amplified stereo antenna,audiovox af1 am fm amplified stereo antenna,0.6122448979591837
ihome lifetalks foldable usb headset - blue,ihome lifetalks usb foldable headset pink,0.6296296296296297
michigan wolverines iphone 3g silicone cover,michigan wolverines iphone 4 case silicone cover,0.7647058823529411
cables unlimited 2.4ghz wireless indoor outdoor stereo speaker with remote and dual power transmitter black,audio unlimited spk-24gx-duo 2.4 ghz wireless indoor outdoor stereo speaker system with remote and dual power transmitter 2 pack black,0.6470588235294118
corsair cmx4gx3m2a1600c8 xms3 4 gb pc3-12800 core i5 memory kit,corsair cmx8gx3m4a1600c9 xms3 8 gb pc3-12800 core i5 memory kit,0.6842105263157895
stanley bostitch quiet sharp 6 commercial desktop electric pencil sharpener blue,stanley bostitch eps4blue - compact desktop electric pencil sharpener blue,0.6129032258064516
iosafe rugged 500gb usb 3.0 portable external hard drive,iosafe rugged portable 1 tb usb 3.0 external hard drive pa51000u1yr,0.6075949367088608
iosafe rugged 500gb usb 3.0 portable external hard drive,iosafe rugged portable 250 gb usb 3.0 external hard drive pa50250u1yr,0.620253164556962
iosafe rugged 500gb usb 3.0 portable external hard drive,iosafe rugged portable 500 gb usb 3.0 external hard drive pa50500u1yr,0.6623376623376623
epson t060320 ink cartridge magenta,epson t032320 magenta ink cartridge,0.6444444444444445
epson t060320 ink cartridge magenta,epson t042320 magenta ink cartridge,0.6086956521739131
epson t060320 ink cartridge magenta,epson t044320 magenta ink cartridge,0.6086956521739131
pc treasures clickit classic mouse black,pc treasures clickit classic mouse - red 07670,0.6296296296296297
pc treasures clickit classic mouse black,pc treasures clickit classic mouse - navy 07669,0.6181818181818182
pc treasures clickit classic mouse black,pc treasures clickit classic mouse - pink 07671,0.6181818181818182
da-lite da-plex deluxe rear projection screen - 78 x 139 hdtv format,da-lite 27565 da-plex deluxe rear projection screen - 72 x 96 video format,0.6179775280898876
da-lite da-plex deluxe rear projection screen - 78 x 139 hdtv format,da-plex deluxe rear projection screen - 108 x 108 av format,0.6710526315789473
da-lite da-plex deluxe rear projection screen - 78 x 139 hdtv format,da-lite da-plex deluxe rear projection screen - 94 1 2 x 168 hdtv format,0.7530864197530864
da-lite da-plex deluxe rear projection screen - 78 x 139 hdtv format,da-lite da-glas thru-the-wall rear projection screen - 78 x 139 hdtv format,0.6292134831460674
da-lite da-plex deluxe rear projection screen - 78 x 139 hdtv format,da-lite da-plex thru-the-wall rear projection screen - 78 x 139 hdtv format,0.7261904761904762
startech 1 slim 3.5mm to right angle stereo audio cable m m,startech.com mu6mmsra slim 3.5mm to right angle stereo audio cable - m m 6 feet,0.6235294117647059
startech 1 slim 3.5mm to right angle stereo audio cable m m,startech.com mu3mmsra slim 3.5mm to right angle stereo audio cable - m m 3 feet,0.6309523809523809
human toolz 3-in-1 netbook pad galaxy black champagne,human toolz 3-in-1 notebook pad galaxy black,0.6290322580645161
just mobile aluminum slide stand for ipad silver,just mobile encore stand for ipad silver,0.6140350877192983
cables unlimited 15 usb 2.0 a to b cable clear,cables unlimited usb-5010-03m usb 2.0 a to b cable 10 feet clear,0.6060606060606061
sandisk 8gb microsdhc memory card,sandisk microsd 2gb memory card,0.7
sandisk 8gb microsdhc memory card,sandisk 16gb microsdhc memory card,0.8205128205128205
brother tz232 laminated tape cartridge,brother tz641 laminated tape cartridge,0.7777777777777778
d-link dgs-1005g 5-port gigabit desktop switch,d-link dgs-1008g 8-port gigabit desktop switch,0.7777777777777778
wintec filemate 4gb compactflash memory card,wintec filemate 8 gb compactflash card,0.6862745098039216
da-lite da-plex deluxe rear projection screen - 96 x 96 av format,da-lite 27565 da-plex deluxe rear projection screen - 72 x 96 video format,0.6951219512195121
da-lite da-plex deluxe rear projection screen - 96 x 96 av format,da-plex deluxe rear projection screen - 108 x 108 av format,0.7183098591549296
da-lite da-plex deluxe rear projection screen - 96 x 96 av format,da-lite da-plex deluxe rear projection screen - 94 1 2 x 168 hdtv format,0.7125
da-lite da-plex deluxe rear projection screen - 96 x 96 av format,da-lite 27578 da-plex self trimming rear projection screen - 96 x 96 av format,0.6395348837209303
da-lite da-plex deluxe rear projection screen - 96 x 96 av format,da-plex standard rear projection screen - 96 x 96 av format,0.6621621621621622
da-lite da-plex deluxe rear projection screen - 96 x 96 av format,da-lite 27651 da-glas deluxe rear projection screen - 96 x 96 av format,0.7402597402597403
crown cushion-step rubber mat 36 x 72 marbleized black,crown cu3672gy - cushion-step mat rubber 36 x 72 marbleized gray,0.6081081081081081
energizer er-p240 cordless phone battery,energizer er-p290 2.4-volt cordless phone battery,0.6909090909090909
canon cli-221 magenta ink cartridge 2948b001,premium compatible canon cli-221 magenta ink cartridge canon 2948b001,0.6417910447761194
gear head mp2300blk 3 button wireless optical wheel mouse - black silver,gear head usb 3 button wireless optical wheel mouse - purple black mp2500pur,0.6063829787234043
lexar media ljdff8gbasbna 4gb jumpdrive firefly usb 2.0 flash drive,lexar jumpdrive firefly 4 gb usb 2.0 flash drive ljdff4gbasbna white,0.6296296296296297
wintec filemate 16gb color mini usb flash drive aqua,wintec filemate color mini 8 gb usb 2.0 flash drive - aqua,0.6764705882352942
acme smart 15  laptop sleeve wet black antik,acme made smart laptop sleeve mb pro 15 wet black antik,0.7
acme smart 15  laptop sleeve wet black antik,acme made smart laptop sleeve mb 13 wet black antik,0.6896551724137931
acme smart 15  laptop sleeve wet black antik,acme made smart laptop sleeve netbook wet black antik,0.6557377049180327
da-lite cherry veneer model b manual screen with matte white fabric - 60 x 60 diagonal video format,natural walnut veneer model b manual screen with matte white fabric - diagonal video format size 60 x 60 diagonal,0.6440677966101694
da-lite cherry veneer model b manual screen with matte white fabric - 60 x 60 diagonal video format,light oak veneer model b manual screen with matte white fabric - diagonal video format size 60 x 60 diagonal,0.6666666666666666
da-lite cherry veneer model b manual screen with matte white fabric - 60 x 60 diagonal video format,honey maple veneer model b manual screen with matte white fabric - diagonal video format size 60 x 60 diagonal,0.6608695652173913
da-lite cherry veneer model b manual screen with matte white fabric - 60 x 60 diagonal video format,medium oak veneer model b manual screen with matte white fabric - diagonal video format size 60 x 60 diagonal,0.6608695652173913
da-lite cherry veneer model b manual screen with matte white fabric - 60 x 60 diagonal video format,heritage walnut veneer model b manual screen with matte white fabric - diagonal video format size 60 x 60 diagonal,0.652542372881356
iogear 2-port usb 2.0 printer auto sharing switch black,iogear 2-port usb 2.0 automatic printer switch gub231 black,0.6027397260273972
belkin 3 cat-5e snagless patch cable blue,belkin cat-5e snagless patch cable blue 25 feet,0.6981132075471698
d-link airpremier n dual band poe access point,d-link dap-2555 airpremier n dual band poe access point,0.8070175438596491
peerless plasma screen pedestal with rotation and tilt pedestal only,7 feet peerless plasma screen pedestal with rotation and tilt,0.7464788732394366
peerless plasma screen pedestal with rotation and tilt pedestal only,8 feet peerless plasma screen pedestal with rotation and tilt,0.7464788732394366
startech.com dp2dvi displayport to dvi video converter cable,startech.com dp2hdmi displayport to hdmi video adapter converter,0.6216216216216216
startech.com dp2dvi displayport to dvi video converter cable,startech.com mdp2dvi mini displayport to dvi video adapter converter,0.6666666666666666
chicago bears ipod touch 4g hard case,chicago blackhawks ipod touch 4g hard case,0.6938775510204082
microsoft lifecam vx-800 black,microsoft lifecam vx-3000 webcam black,0.6666666666666666
microsoft lifecam vx-800 black,microsoft lifecam vx-2000 webcam black,0.6666666666666666
lexmark 1382920 toner 3000 page-yield black,lexmark 08a0476 - 08a0476 toner 3000 page-yield black,0.631578947368421
da-lite da-plex deluxe rear projection screen - 58 x 104 hdtv format,da-plex deluxe rear projection screen - 108 x 108 av format,0.6933333333333334
da-lite da-plex deluxe rear projection screen - 58 x 104 hdtv format,da-lite da-plex deluxe rear projection screen - 94 1 2 x 168 hdtv format,0.7530864197530864
ge 3.6v 700mah cordless phone battery,ge cordless phone nimh 3.6v 700mah battery 76413,0.6181818181818182
startech.com icusb2328 8 port usb to rs232 serial adapter hub,startech.com 4 port usb to rs232 serial db9 adapter hub icusb2324,0.7027027027027027
arrowmounts cantilever retractable wall mount for flat panel tvs up to 27,arrowmounts am-p04b cantilever retractable wall mount for flat panel televisions up to 27-inch black,0.6346153846153846
vantec nexstar3 superspeed 2.5  sata to usb 3.0 external hard drive enclosure,vantec nexstar 3 superspeed 3.5 sata i ii to usb 3.0 external enclosure,0.6413043478260869
vantec nexstar3 superspeed 2.5  sata to usb 3.0 external hard drive enclosure,vantec nexstar tx 2.5-inch sata to usb 2.0 external hard drive enclosure,0.6344086021505376
panasonic kx-tga6645b dect 6.0 plus expandable digital cordless answering system with 5 handsets,panasonic kx-tg6545b dect 6.0 plus expandable digital cordless phone with answering system black 5 handsets,0.7652173913043478
panasonic kx-tga6645b dect 6.0 plus expandable digital cordless answering system with 5 handsets,panasonic dect 6.0 expandable digital cordless answering system - 4 handset system kx-tg9334t,0.6194690265486725
panasonic kx-tga6645b dect 6.0 plus expandable digital cordless answering system with 5 handsets,panasonic kx-tg9344t dect 6.0 expandable digital cordless phone with answering system metallic black 4 handsets,0.6015625
panasonic kx-tga6645b dect 6.0 plus expandable digital cordless answering system with 5 handsets,panasonic kx-tg6532b dect 6.0 plus expandable digital cordless phone with answering system black 2 handsets,0.7058823529411765
lumiere la 100w 3200k tungsten halogen video light kit,lumiere l.a. 10w 20w dual 3200k tungsten halogen video light kit,0.7
lumiere la 100w 3200k tungsten halogen video light kit,lumiere l.a. 100w 3200k tungsten halogen video light kit with dimmer,0.6756756756756757
brother tc20 laminated tape cartridge,brother tz641 laminated tape cartridge,0.7555555555555555
sharpie retractable fine point permanent markers,sharpie 32701 - retractable permanent marker fine point black,0.6417910447761194
kanguru defender 1gb v2 kdv2-1g usb 2.0 flash drive,kanguru defender 32 gb usb 2.0 flash drive v2 kdv2-32g,0.6515151515151515
kanguru defender 1gb v2 kdv2-1g usb 2.0 flash drive,kanguru defender 2 gb usb 2.0 flash drive v2 kdv2-2g,0.671875
kanguru defender 1gb v2 kdv2-1g usb 2.0 flash drive,kanguru defender 16 gb usb 2.0 flash drive v2 kdv2-16g,0.703125
da-lite medium oak veneer model b manual screen with matte white fabric - 60 x 60 diagonal video format,natural walnut veneer model b manual screen with matte white fabric - diagonal video format size 60 x 60 diagonal,0.6229508196721312
da-lite medium oak veneer model b manual screen with matte white fabric - 60 x 60 diagonal video format,light oak veneer model b manual screen with matte white fabric - diagonal video format size 60 x 60 diagonal,0.7017543859649122
da-lite medium oak veneer model b manual screen with matte white fabric - 60 x 60 diagonal video format,honey maple veneer model b manual screen with matte white fabric - diagonal video format size 60 x 60 diagonal,0.6386554621848739
da-lite medium oak veneer model b manual screen with matte white fabric - 60 x 60 diagonal video format,heritage walnut veneer model b manual screen with matte white fabric - diagonal video format size 60 x 60 diagonal,0.6178861788617886
ilive iphone app-enhanced speaker dock,ilive isd291b ipad iphone ipod app-enhanced speaker dock,0.6964285714285714
zagg invisibleshield for ipad 2,zagg invisibleshield for apple ipad front,0.6304347826086957
quartet prestige bulletin board graphite-blend cork maple frame,quartet b244ma - prestige bulletin board graphite-blend cork 48 x 36 maple frame,0.75
xantech 282d designer emitter single,xantech 286d designer dual blink emitter single,0.6346153846153846
xantech 282d designer emitter single,xantech 283d designer blink emitter single,0.7021276595744681
da-lite da-plex self trimming rear projection screen - 40 1 4 x 53 3 4 video format,da-lite da-plex self trimming rear projection screen - 94 1 2 x 168 hdtv format,0.63
da-lite da-plex self trimming rear projection screen - 40 1 4 x 53 3 4 video format,da-lite 27578 da-plex self trimming rear projection screen - 96 x 96 av format,0.6161616161616161
edge tech diskgo 500gb external superspeed usb 3.0 hard drive,edge tech 1tb diskgo external superspeed usb 3.0 hard drive - edgdg-227838-pe,0.6206896551724138
canon imageclass mf4570dn laser multifunction printer,canon imageclass mf9220cdn multifunction printer,0.6721311475409836
canon imageclass mf4570dn laser multifunction printer,canon imageclass mf4450 laser multifunction printer,0.7931034482758621
brother tn110bk black toner cartridge,brother tn330 black toner cartridge,0.7209302325581395
brother tn110bk black toner cartridge,brother black toner cartridge tn420,0.6086956521739131
brother tn110bk black toner cartridge,brother tn540 black toner cartridge,0.7209302325581395
brother tn110bk black toner cartridge,brother black toner cartridge tn-210bk,0.6382978723404256
da-lite da-glas standard rear projection screen - 50 x 50 av format,da-lite 27636 da-glas standard rear projection screen 50 1 2 x 67 1 4 video format,0.6086956521739131
da-lite da-glas standard rear projection screen - 50 x 50 av format,da-plex standard rear projection screen - 96 x 96 av format,0.6025641025641025
da-lite da-glas standard rear projection screen - 50 x 50 av format,da-lite 27639 da-glas standard rear projection screen 72 x 96 video format,0.6206896551724138
canon cli-226 black ink tank,canon cli-221 ink tank black,0.6857142857142857
da-lite da-glas deluxe rear projection screen - 84 x 84 av format,da-lite 27658 da-glas deluxe rear projection screen - 57 3 4 x 77 video format,0.625
da-lite da-glas deluxe rear projection screen - 84 x 84 av format,da-lite 27651 da-glas deluxe rear projection screen - 96 x 96 av format,0.7402597402597403
da-lite da-glas deluxe rear projection screen - 84 x 84 av format,da-lite 27660 da-glas deluxe rear projection screen - 72 x 96 video format,0.6352941176470588
western digital 750gb my passport essential se usb 3.0 silver portable hard drive,western digital my passport essential se 750 gb portable external hard drive usb 2.0 drive cool silver,0.6380952380952379
western digital 750gb my passport essential se usb 3.0 silver portable hard drive,western digital my passport essential se 1 tb usb 3.0 2.0 ultra portable external hard drive silver,0.6111111111111112
hp laserjet 53x black print cartridge,hp laserjet ce505x black print cartridge,0.7777777777777778
hp laserjet 53x black print cartridge,hp laserjet 36a black print cartridge cb436a,0.6153846153846154
hp laserjet 53x black print cartridge,hp q7551x laserjet 51x black print cartridge,0.7291666666666666
pioneer cd-iu50v usb interface cable for ipod iphone tm,pioneer cd-iu200v usb interface cable for ipod iphone tm,0.8813559322033898
da-lite da-plex thru-the-wall rear projection screen - 81 x 108 video format,da-lite da-plex thru-the-wall rear projection screen - 90 x 120 video format,0.8117647058823529
da-lite da-plex thru-the-wall rear projection screen - 81 x 108 video format,da-lite da-glas thru-the-wall rear projection screen - 90 x 120 video format,0.6923076923076923
da-lite da-plex thru-the-wall rear projection screen - 81 x 108 video format,da-lite da-view thru-the-wall rear projection screen - 57 3 4 x 77 video format,0.6526315789473685
da-lite da-plex thru-the-wall rear projection screen - 81 x 108 video format,da-lite da-plex unframed rear projection screen - 108 x 144 video format,0.6129032258064516
da-lite da-plex thru-the-wall rear projection screen - 81 x 108 video format,da-plex standard rear projection screen - 81 x 108 video format,0.632183908045977
da-lite da-plex thru-the-wall rear projection screen - 81 x 108 video format,da-lite da-glas thru-the-wall rear projection screen - 72 x 96 video format,0.6813186813186813
da-lite da-plex thru-the-wall rear projection screen - 81 x 108 video format,da-lite da-plex thru-the-wall rear projection screen - 78 x 139 hdtv format,0.7
da-lite da-plex thru-the-wall rear projection screen - 81 x 108 video format,da-lite da-plex thru-the-wall rear projection screen - 72 x 96 video format,0.8
da-lite da-plex thru-the-wall rear projection screen - 81 x 108 video format,da-lite da-view thru-the-wall rear projection screen - 50 1 2 x 67 1 4 video format,0.6326530612244898
guardian air step antifatigue polypropylene mat 36 x 60 black,guardian 24031202 - air step antifatigue mat polypropylene 36 x 144 black,0.6829268292682927
guardian air step antifatigue polypropylene mat 36 x 60 black,guardian 24020302 - air step antifatigue mat polypropylene 24 x 36 black,0.6790123456790124
elite screens maxwhite vmax2 plus2 series ezelectric motorized screen - 135 diagonal in black case,maxwhite vmax2 plus2 series 116.5 overall height ezelectric motorized screen - 135 diagonal in white case,0.6302521008403361
elite screens maxwhite vmax2 plus2 series ezelectric motorized screen - 135 diagonal in black case,maxwhite vmax2 series ezelectric motorized screen - size 99 diagonal in black case,0.7058823529411765
elite screens maxwhite vmax2 plus2 series ezelectric motorized screen - 135 diagonal in black case,maxwhite vmax2 plus2 series ezelectric motorized screen - 92 diagonal,0.62
elite screens maxwhite vmax2 plus2 series ezelectric motorized screen - 135 diagonal in black case,maxwhite vmax2 plus2 series ezelectric motorized screen - 92 diagonal in white case,0.7029702970297029
hello kitty sms text messenger,hello kitty 79009 sms text messenger red,0.6444444444444445
avery matte white cd labels for color laser printers and copiers 30 disc labels and 60 spine labels,avery white cd labels for laser printers 40 disc labels and 80 spine labels 5692,0.6021505376344086
transcend storejet 25d2 500gb external hard drive white,transcend storejet 25d2 500 gb external hard drive - black ts500gsj25d2,0.6282051282051282
da-lite da-plex thru-the-wall rear projection screen - 78 x 139 hdtv format,da-lite data pro thru-the-wall rear projection screen - 401 2 x 72 hdtv format,0.6559139784946236
da-lite da-plex thru-the-wall rear projection screen - 78 x 139 hdtv format,da-lite da-plex thru-the-wall rear projection screen - 90 x 120 video format,0.7
da-lite da-plex thru-the-wall rear projection screen - 78 x 139 hdtv format,da-lite da-glas thru-the-wall rear projection screen - 78 x 139 hdtv format,0.8536585365853658
da-lite da-plex thru-the-wall rear projection screen - 78 x 139 hdtv format,da-lite data pro thru-the-wall rear projection screen - 52 x 92 hdtv format,0.6777777777777778
da-lite da-plex thru-the-wall rear projection screen - 78 x 139 hdtv format,da-lite da-view thru-the-wall rear projection screen - 45 x 80 hdtv format,0.6777777777777778
da-lite da-plex thru-the-wall rear projection screen - 78 x 139 hdtv format,da lite data pro thru-the-wall rear projection screen - 45 x 80 hdtv format,0.6236559139784946
da-lite da-plex thru-the-wall rear projection screen - 78 x 139 hdtv format,da-lite da-plex thru-the-wall rear projection screen - 72 x 96 video format,0.7078651685393258
da-lite da-glas self trimming rear projection screen - 96 x 120 av format,da-lite da-plex self trimming rear projection screen - 94 1 2 x 168 hdtv format,0.6210526315789474
da-lite da-glas self trimming rear projection screen - 96 x 120 av format,da-lite 27578 da-plex self trimming rear projection screen - 96 x 96 av format,0.6966292134831461
da-lite da-glas self trimming rear projection screen - 96 x 120 av format,da-glas self trimming rear projection screen - 70 x 70 av format,0.7468354430379747
da-lite da-glas self trimming rear projection screen - 96 x 120 av format,da-lite 27903 da-plex self trimming rear projection screen - 96 x 120 av format,0.7701149425287356
da-lite da-glas self trimming rear projection screen - 96 x 120 av format,da-glas self trimming rear projection screen - 60 x 80 video format,0.625
da-lite da-glas self trimming rear projection screen - 96 x 120 av format,da-lite 27912 da-glas unframed rear projection screen - 96 x 120 av format,0.6373626373626373
da-lite da-glas self trimming rear projection screen - 96 x 120 av format,da-lite 27673 da-glas self trimming rear projection screen - 96 x 96 av format,0.8192771084337349
rca cassette adapter,car cassette adapter,0.6296296296296297
svat twr301-gx012 digital wireless dvr security system with receiver sd card recording and long range night vision cameras,svat gx301-011 digital wireless dvr security system with 7 lcd monitor sd card recording and 2 long range night vision surveillance cameras,0.6139240506329114
svat twr301-gx012 digital wireless dvr security system with receiver sd card recording and long range night vision cameras,svat gx301-010 digital wireless dvr security system with 7 lcd monitor sd card recording and long range night vision surveillance camera,0.6050955414012739
da-lite da-glas deluxe rear projection screen - 40 1 4 x 53 3 4 video format,da-lite 27658 da-glas deluxe rear projection screen - 57 3 4 x 77 video format,0.7032967032967034
da-lite da-glas deluxe rear projection screen - 40 1 4 x 53 3 4 video format,da-glas base rear projection screen - 43 1 4 x 57 3 4 video format,0.6436781609195402
da-lite da-glas deluxe rear projection screen - 40 1 4 x 53 3 4 video format,da-plex base rear projection screen - 40 1 4 x 53 3 4 video format,0.6627906976744186
da-lite da-glas deluxe rear projection screen - 40 1 4 x 53 3 4 video format,da-lite 27660 da-glas deluxe rear projection screen - 72 x 96 video format,0.6593406593406593
night owl security products wired color security camera with 60 of cable,night owl security products cam-s420-245 ccd wired color security camera with 60 of cable,0.7875
night owl security products wired color security camera with 60 of cable,night owl security products cam-s420-245a ccd wired color security camera with 60 of cable,0.7777777777777778
night owl security products wired color security camera with 60 of cable,night owl security products cam-4pk-cm115 4 pk wired color security cameras with 240 of cable,0.6704545454545454
brother tn450 black toner cartridge high yield toner,brother tn460 high yield toner cartridge,0.6363636363636364
brother tn450 black toner cartridge high yield toner,brother tn580 high yield black toner cartridge,0.6842105263157895
brother tn450 black toner cartridge high yield toner,brother tn360 high yield black toner cartridge,0.6842105263157895
crown mat-a-dor entrance antifatigue rubber mat 24 x 32 black,crown mafg62bk - mat-a-dor entrance antifatigue mat rubber 36 x 72 black,0.65
crown mat-a-dor entrance antifatigue rubber mat 24 x 32 black,crown mafg62bk - mat-a-dor entrance antifatigue mat rubber 36 x 72 black,0.65
da-lite da-tex rear tensioned advantage electrol - av format 8 x 8 diagonal,da-tex rear tensioned advantage electrol - wide format size wide 94 diagonal,0.6373626373626373
sabrent 6-in-1 usb 2.0 flash memory card reader,sabrent 68-in-1 usb 2.0 internal flash memory card reader crw-uinb,0.6027397260273972
